mode	tool	cases	time_ratio	rss_ratio	time_iqr_low	time_iqr_high	rss_iqr_low	rss_iqr_high	faster_than_b64z	lower_rss_than_b64z	huge_time_ms	huge_rss_mib
encode-memory	b64z	25	1	1	1	1	1	1	-	-	50.640393	74.7375
encode-memory	simdutf	25	1.57783334887	2.308519858	1.12054584646	2.20328651606	1.18157938626	4.17772925764	0	0	52.26292685	78.066015625
encode-memory	turbo	25	1.05377651096	1.31095065739	1.0308932752	1.07205101815	1.06315712617	1.50305676856	1	0	51.27904035	75.852734375
encode-memory	rust-base64	25	1.30002670712	1.58117881464	1.20097448163	1.39470550892	1.0960864486	2.09694323144	0	0	58.51192615	76.3900390625
encode-memory	rust-simd	25	1.28617070948	1.57616931077	1.18568680679	1.37614491729	1.09401059039	2.11069868996	0	0	59.0738329	76.4908203125
encode-memory	zig-std	25	1.11346988702	0.999215847964	1.00672834119	1.22509282165	1	1	6	3	62.03918195	74.7375
encode-streaming	b64z	25	1	1	1	1	1	1	-	-	6.0896897	0.91796875
encode-streaming	aklomp	25	1.77543426744	2.43312402362	1.18771625337	2.39697329418	1.41136873598	3.53197456993	0	0	13.3315094	3.675390625
encode-streaming	coreutils	25	2.12002994819	1.77760430829	1.50432490108	3.26314219832	1.72157816006	1.76570680628	0	0	23.63462455	1.816015625
decode-memory	b64z	25	1	1	1	1	1	1	-	-	53.7895371	74.7375
decode-memory	simdutf	25	1.55016492996	2.27685118198	1.11027293688	2.1358699169	1.18238541667	4.07731092437	0	0	55.3999456	78.1451171875
decode-memory	turbo	25	1.04625549849	1.26756681858	1.02219403444	1.06257019787	1.06410416667	1.43424369748	1	0	53.8794145	75.896875
decode-memory	rust-base64	25	1.21548097684	1.53164938869	1.08830406486	1.36194877794	1.09325	2.02121848739	0	0	55.9997942	76.4736328125
decode-memory	rust-simd	25	1.2521878812	1.53798143477	1.13802956454	1.38247348266	1.09440625	2.03760504202	0	0	58.99605115	76.4712890625
decode-memory	zig-std	25	1.09714024647	0.998767654128	1.00817197617	1.1923991051	0.999462461924	1	4	7	63.761555	74.7375
decode-streaming	b64z	25	1	1	1	1	1	1	-	-	8.9195287	0.9140625
decode-streaming	aklomp	25	1.71600039355	2.44038429561	1.16969364729	2.2770793111	1.54444444444	3.40897435897	0	0	19.2066562	3.1099609375
decode-streaming	coreutils	25	3.05844269997	1.86777226535	1.4816947187	6.41043636971	1.85213675214	1.87124463519	0	0	68.2440866	1.6611328125
